file_name,a,b
data_1_1.csv,1.05492503116,-0.2271536147
data_1_2.csv,1.1907279387,-0.807612130859
data_1_3.csv,-0.606667686291,1.14466918206
data_1_4.csv,1.39755543778,-0.0741470370163
data_1_5.csv,-1.08262005784,-0.0230214802856
